"4","Patricia Lebsack","True","odit optio omnis qui sunt"
"4","Patricia Lebsack","False","et placeat et tempore aspernatur sint numquam"
"4","Patricia Lebsack","True","doloremque aut dolores quidem fuga qui nulla"
"4","Patricia Lebsack","False","voluptas consequatur qui ut quia magnam nemo esse"
"4","Patricia Lebsack","False","fugiat pariatur ratione ut asperiores necessitatibus magni"
"4","Patricia Lebsack","False","rerum eum molestias autem voluptatum sit optio"
"4","Patricia Lebsack","False","quia voluptatibus voluptatem quos similique maiores repellat"
"4","Patricia Lebsack","False","aut id perspiciatis voluptatem iusto"
"4","Patricia Lebsack","False","doloribus sint dolorum ab adipisci itaque dignissimos aliquam suscipit"
"4","Patricia Lebsack","False","ut sequi accusantium et mollitia delectus sunt"
"4","Patricia Lebsack","False","aut velit saepe ullam"
"4","Patricia Lebsack","False","praesentium facilis facere quis harum voluptatibus voluptatem eum"
"4","Patricia Lebsack","True","sint amet quia totam corporis qui exercitationem commodi"
"4","Patricia Lebsack","False","expedita tempore nobis eveniet laborum maiores"
"4","Patricia Lebsack","False","occaecati adipisci est possimus totam"
"4","Patricia Lebsack","True","sequi dolorem sed"
"4","Patricia Lebsack","False","maiores aut nesciunt delectus exercitationem vel assumenda eligendi at"
"4","Patricia Lebsack","False","reiciendis est magnam amet nemo iste recusandae impedit quaerat"
"4","Patricia Lebsack","True","eum ipsa maxime ut"
"4","Patricia Lebsack","True","tempore molestias dolores rerum sequi voluptates ipsum consequatur"
